IT,決定打,Tomcat周り,インフラ周り,下記エラーメッセージ,プログラム変更,システム,Java,タイトル通り,事態,本番
IT,websocket.JSON.Receive,Web Application,ブラウザ,Webアプリケーション,再読み込み,ajax,EOF,Server,練習,html
IT,textarea,submit,directive,angular,Enterキー,input,project,form,処理,文章
IT,Excepiton,java,java8,読み込み,XML,以下
IT,アプリケーション,java初心者,コンセプト,アクション,自作アプリ,かとうもの,ダメージ,組み合わせ,コード,ゲーム
IT,ファイル,ランチャー,管理者権限,python,エラー,Windows,ボタン,OS
IT,クローラー,エラー,コード,webページ,リンク,以下,部分
IT,settings.py,DEBUG,デバッグモード,heroku,Webアプリケーション,管理サイト,django,変数,False,回避方法
IT,mysql,セグメンテーションフォールト,C言語,MYSQL_ROW row,null,mysql_fetch_row,nullチェック,コード,値,箇所
IT,インサート,サインインAPI,mysql,コード,箇所,結果以下,PHP
IT,配列,shift,副作用,CDR,分かりやすいルール,新しいオブジェクト,メソッド,配列操作,clone,リスト処理
IT,パラメータ,ruby,post,get,URL
IT,JSONArray,json解析,jsonデータ,サーバー側,アプリ側,リスト表示,固定,以下,方法
IT,abstract interface,BroadcastReceiver,WeakReference,参照,コールバック,implements,クラスA,extends,解決法,リスナークラス
IT,ListView,Override,Androidアプリ,フィールド,エラー処理,以下,少しエラー,コード
IT,Android Studio,行数,Logcat,Eclipse,該当,一定量,箇所,古いもの
IT,Google App Engine,所consent screen,OAuth2,Googleアカウント,Googleアカウント名,ユーザー,許可画面,アクセス,Androidアプリ,処理
IT,Bluetooth,文字列,String,Mac,Char,Java,コード,Windows,Android,開発
IT,グレースケール化,button要素,disabled属性,button要素内,img要素,内部,CSS,下記,画像
food,明太子,辛味,食べ方,レシピ,ご存知,辛子明太子,親戚,調理法,お中元,たらこ
food,チャーハン,油,中国,日本
food,ホワイトリカー,ホワイトリカー200,梅酢,梅干し,梅干しづくり初,もう一つ,赤シソ,やり方,工程,作り方
food,高い鍋,蓋,方法,傷,穴,水
food,らっきょう,福神漬け,レーズン,おいしい食べ方,家族みんな付け合わせ,ライス,お父さん,お母さん,カレー,うち
food,ロンググレインライス,炊飯器,方法
food,自家製,ジュース,野菜+果物,うちどれ,製品,以下
food,赤紫色,煎り黒豆,黒豆ご飯,スーパー
food,スペアリブ,オーブン,アルミホイル,ビーフジャーキー,トング,肉,骨付き,フライパン,オーブン焼き,出来上がり
food,ハンバーグ,合挽き肉,ロールキャベツ,注意点,細ぉ〜い繊維,ハンバーグ作り,よお,タネ,作り方,お母さん
food,ふりかけ,粉,スーパー,カレー,段階,ご飯,手
food,ハンバーグ,挽肉,粘り,肉団子,レシピ本,こね方,注意
food,生食,アジア圏,たまごかけご飯,玉子,管理
food,おにぎり,コツ,30代女性
food,カレー粉,焼き物,炒め物,仕上がり,代用,ルー,印象,値段,割,量
food,IHクッキングヒーター,鉄フライパン
food,しょうゆ,手羽先,にんにく,みりん,オーブン,ご存じ,分量,レシピ
food,出汁,大根,コンビニおでん,指南,それら全て,作り方,苦い感じ,市販,オススメ,調理
food,脱脂粉乳,マーガリン,クッキー,Hokoro,コーンスターチ,転化糖,クーベルチュールチョコレート,乳酸発酵菌,ミルクチョコ,レシピ
IT,アメンボ,プログラミング言語,オケラ,世の中,基板,Python,Linux,Ruby,Windows,みんなみんなC
IT,クロージャ,Cassandra,Java,Hadoop,手助け,JDK,新しいバージョン,言語,コード,書籍
food,ラーメン,ダシ,大手インスタントラーメン,チェーン店,一介,ラーメンシェフ,英知,日清,こだわり,専門家
food,レモン,信号機,シロップ,定番,かき氷,メロン,ジュース,オレンジ,いちご,青
food,きつねうどん,主食主菜,副菜,ごぼう天,リクエスト,アドバイス,カレーうどん,美味しいうどん,唐揚げ,肉うどん
food,手づくりきなこおはぎ,ゆでたまご,切り干し大根,お弁当箱,ひじき,ミニトマト,餡子入り,高校生,中身,お昼
food,ミートソース,グラタン,ホワイトソース,ケチャップ,厚揚げ,そぼろ,醤油味付,食パン,ピザソース,グラタン的
food,虫,ライ麦粉,ふつう,イメージ,時間経過,白パン,卵,こ
food,じゃがいも,玉ねぎ,ジャガイモ,タマ,保存方法,ネギ,野菜室,予定,量,3ヶ月
food,たほう,パスタ,天婦羅揚げ物系,豚カツ,惣菜,お寿司,パスタ類,料理,外食,餃子
food,タクアン,炒飯,福神漬け,ザーサイ,定番,紅生姜,漬け物,ガリ,牛丼,食べ物
food,粉末,キャラメル型固形,コンソメスープ,包装,値段,素,g
food,カニ,海鮮屋,食あたり,ズワイ,タラバ,毛ガニ,食中毒,対処法,腹痛,気分
food,焼きそば,カップ麺,鉄板,ソース,醤油,話し,塩
food,ふわふわ半熟タマゴ,デミグラスソース,ケチャップ,定番オムライス
food,牛すね,牛スジ煮込み,お肉屋,一口大,角切り,売り切れ,味付け,調理,仕方
food,毎夏,とんかつ,冷やし中華,コロッケ,エビフライ,お寿司,天ぷら,料理,うどん,サラダ
food,ベーグル,魚焼きグリル,レシピ,歯ごたえ,決め手,中身,強火,出来上がり,弱火,極意
food,ココナッツオイル,食べ方
food,ジャガイモ,黒い点々,毒性,表面,内部,一度,目
food,冷凍パイナップル,サイダー,カキ氷シロップ,コストコ,代用
food,セロリ,レタス,お米,牛乳,卵
food,そうめん,おかず,アンケート,組み合わせ,ご意見,調べごと,料理,学校,一品もの
food,冷しゃぶ,手羽元,素揚げ,塩昆布,おくら,きゅうりトマト付き,ゆで卵,お味噌汁,冷奴,大葉
food,減塩,梅干し,仕方,知り合い,過程,少し
food,小松菜,美味しい調理,味噌汁,おひた,出番,主役,仕方
IT,ライブラリ,Mac OS X,一日の長,オブジェクト指向,コード,保守性,Perl,環境面,言語,日本語
IT,Python2,Python3,書き換え,互換性,補助ツール,結局OS標準,主流,現行,基盤,移行用
IT,Ruby on Rails,互換性,可読性,保守性,互換性切り捨て,ライブラリ,結局オブジェクト指向好き,言語,フレームワーク,Python
IT,ECMAScript6,JavaScript,node.js,Alt JS,Perl,Web用言語,サーバサイド,牙城,使い物,JavaScript自体
IT,エイリアス,git configコマンド,git status,設定ファイル,aliasセクション,短縮形,スコープ,gitまわり,書式,設定方法
IT,git log,バグッ,diff,日付,ログ
IT,Git,Git初心者,チームプロジェクト,書籍,順番,基礎,3ステップ,ネット上,基本,たくさん
IT,ブランチ,git,強制
IT,フラッシュドライブ,アプリ領域,データ,共有領域,プログラム,OS領域,以下,3つ
